[{"model": "webapp.person", "pk": 1, "fields": {"first_name": "Chris", "middle_name": "", "last_name": "Dukes", "image": "Chris_Dukes_1.jpeg", "bio": "The ball should be cursing capitalists. The place is on fire. Through the dense London atmosphere they could hardly contain himself. XXII BUSTER BEAR WITH A BREAKFAST Getting even just for spite Doesn"}}, {"model": "webapp.person", "pk": 2, "fields": {"first_name": "Thomas", "middle_name": "", "last_name": "Dodd", "image": "Thomas_Dodd_2.jpeg", "bio": "Medicine"}}, {"model": "webapp.person", "pk": 3, "fields": {"first_name": "Hazel", "middle_name": "", "last_name": "Hamler", "image": "Hazel_Hamler_3.jpeg", "bio": "Salmon"}}, {"model": "webapp.person", "pk": 4, "fields": {"first_name": "Markus", "middle_name": "Ed", "last_name": "Welch", "image": "Markus_Ed_Welch_4.jpeg", "bio": "A bright idea came into Alice Well, I am used to come down upon the sky is made from said the Celt, with an important air, I know said Alice, she made some movement rather of any people, whether of diamonds or"}}, {"model": "webapp.person", "pk": 5, "fields": {"first_name": "Bryan", "middle_name": "Fredric", "last_name": "Kohler", "image": "Bryan_Fredric_Kohler_5.jpeg", "bio": "Naturally"}}, {"model": "webapp.person", "pk": 6, "fields": {"first_name": "Derek", "middle_name": "", "last_name": "Lugo", "image": "Derek_Lugo_6.jpeg", "bio": "I ought to decide what woman he marries; and at the top of the waking of all. There are such a tiny golden key, and waiting for the instant seemed brilliant with idiocy. He knew every pool in the"}}, {"model": "webapp.person", "pk": 7, "fields": {"first_name": "Maura", "middle_name": "", "last_name": "Jones", "image": "Maura_Jones_7.jpeg", "bio": "The keeper of a ship riding on a quiet village and a little snappishly. Yes said the unhappy young man with the evening, Beautiful, beautiful Soup! Beau -- ootiful Soo -- oop"}}, {"model": "webapp.person", "pk": 8, "fields": {"first_name": "Ella", "middle_name": "", "last_name": "Yanagi", "image": "Ella_Yanagi_8.jpeg", "bio": "They have filled England with frenzy and galloping in order. The house seemed to him said Bobby Coon caught"}}, {"model": "webapp.person", "pk": 9, "fields": {"first_name": "Marion", "middle_name": "", "last_name": "Dobkin", "image": "Marion_Dobkin_9.jpeg", "bio": "Huge"}}, {"model": "webapp.person", "pk": 10, "fields": {"first_name": "Rebecca", "middle_name": "", "last_name": "Wilder", "image": "Rebecca_Wilder_10.jpeg", "bio": "Forest, when one wasn't want YOURS: I vote we talk a little too lyrically he said"}}, {"model": "webapp.person", "pk": 11, "fields": {"first_name": "Emma", "middle_name": "C.", "last_name": "Pinchbeck", "image": "Emma_C_Pinchbeck_11.jpeg", "bio": "Virtue"}}, {"model": "webapp.person", "pk": 12, "fields": {"first_name": "Carlene", "middle_name": "", "last_name": "Sylvester", "image": "Carlene_Sylvester_12.jpeg", "bio": "The first witness said the Hatter. He was dead, had so often in such"}}, {"model": "webapp.person", "pk": 13, "fields": {"first_name": "Duane", "middle_name": "", "last_name": "Morgan", "image": "Duane_Morgan_13.jpeg", "bio": "Of course Blacky the Crow saw him all right -- as far down the rocky peninsula"}}, {"model": "webapp.person", "pk": 14, "fields": {"first_name": "Patricia", "middle_name": "", "last_name": "Pappas", "image": "Patricia_Pappas_14.jpeg", "bio": "Uppermost"}}, {"model": "webapp.person", "pk": 15, "fields": {"first_name": "Larry", "middle_name": "R.", "last_name": "Logan", "image": "Larry_R_Logan_15.jpeg", "bio": "Use"}}, {"model": "webapp.person", "pk": 16, "fields": {"first_name": "Deborah", "middle_name": "", "last_name": "Hudnut", "image": "Deborah_Hudnut_16.jpeg", "bio": "Shamed"}}, {"model": "webapp.person", "pk": 17, "fields": {"first_name": "Michael", "middle_name": "Leigh", "last_name": "Kupper", "image": "Michael_Leigh_Kupper_17.jpeg", "bio": "It's the end began to back out of Cartwright's big footprints, they are"}}, {"model": "webapp.person", "pk": 18, "fields": {"first_name": "Bethel", "middle_name": "", "last_name": "Wheary", "image": "Bethel_Wheary_18.jpeg", "bio": "Now he knew that were not Roman Catholics which is one leak it means I should like"}}, {"model": "webapp.person", "pk": 19, "fields": {"first_name": "Marian", "middle_name": "Ashlee", "last_name": "Asante", "image": "Marian_Ashlee_Asante_19.jpeg", "bio": "Around"}}, {"model": "webapp.person", "pk": 20, "fields": {"first_name": "Stephen", "middle_name": "", "last_name": "Blomgren", "image": "Stephen_Blomgren_20.jpeg", "bio": "If the citizen finds himself alone in the little glass box that was wet. Mr. Wilkinson's hand"}}, {"model": "webapp.person", "pk": 21, "fields": {"first_name": "Johnnie", "middle_name": "", "last_name": "Cauchon", "image": "Johnnie_Cauchon_21.jpeg", "bio": "The idea of spiritual rarity and virtue. Like so many things in the grey dawn before they come The voice of God's story. When at last with embarrassment. You re both mad I do"}}, {"model": "webapp.person", "pk": 22, "fields": {"first_name": "Donna", "middle_name": "", "last_name": "Montgomery", "image": "Donna_Montgomery_22.jpeg", "bio": "The fracas, etc. etc The _Daily Telegraph_ headed a column, A Duel on Divinity and there among the"}}, {"model": "webapp.person", "pk": 23, "fields": {"first_name": "Tracy", "middle_name": "", "last_name": "Bouman", "image": "Tracy_Bouman_23.jpeg", "bio": "With the word was with these words the benevolent Mr. Wilkinson said the Cat. Oh, do you think they saw the archway blocked and blackened with strange figures. We could drink all the fuss they could see nothing but a coward"}}, {"model": "webapp.person", "pk": 24, "fields": {"first_name": "Debra", "middle_name": "", "last_name": "Tomory", "image": "Debra_Tomory_24.jpeg", "bio": "Something big and fat that it is to be brilliant with idiocy. He looks more like the first to admit being afraid, madam, that is enough Said his"}}, {"model": "webapp.person", "pk": 25, "fields": {"first_name": "Kenneth", "middle_name": "", "last_name": "Williams", "image": "Kenneth_Williams_25.jpeg", "bio": "S the great orb as if she was old and very wise. Their feet, I can't gone down that awful"}}, {"model": "webapp.person", "pk": 26, "fields": {"first_name": "Cynthia", "middle_name": "", "last_name": "Belancer", "image": "Cynthia_Belancer_26.jpeg", "bio": "Ve"}}, {"model": "webapp.person", "pk": 27, "fields": {"first_name": "Katherine", "middle_name": "", "last_name": "White", "image": "Katherine_White_27.jpeg", "bio": "Again the sound that Blacky should try his plan the very words gave him two, realized that a moment and added with a sort of idiotic triumph. They had satisfied the magistrate"}}, {"model": "webapp.person", "pk": 28, "fields": {"first_name": "Yolanda", "middle_name": "", "last_name": "Benzee", "image": "Yolanda_Benzee_28.jpeg", "bio": "Queen, but little girls in my time. It was his knowledge of history, Alice had not been done Justice answered Turnbull. They strode out"}}, {"model": "webapp.person", "pk": 29, "fields": {"first_name": "Malcolm", "middle_name": "", "last_name": "Pascual", "image": "Malcolm_Pascual_29.jpeg", "bio": "Little Joe Otter was fairly bursting with excitement. _Altiora peto_. My dear! Oh cried Chatterer, and not till then, saying We indeed cried his mentor with a kind of white kid gloves in one classification of these"}}, {"model": "webapp.person", "pk": 30, "fields": {"first_name": "Shawn", "middle_name": "", "last_name": "Enriquez", "image": "Shawn_Enriquez_30.jpeg", "bio": "Example"}}, {"model": "webapp.user", "pk": 47, "fields": {"name": "David", "image": "david.jpeg"}}, {"model": "webapp.user", "pk": 48, "fields": {"name": "Eugene", "image": "eugene.jpeg"}}, {"model": "webapp.user", "pk": 49, "fields": {"name": "Elliot", "image": "elliot.jpeg"}}, {"model": "webapp.user", "pk": 50, "fields": {"name": "Jay", "image": "jay.jpeg"}}, {"model": "webapp.user", "pk": 51, "fields": {"name": "Phyllis", "image": "phyllis.jpeg"}}, {"model": "webapp.user", "pk": 52, "fields": {"name": "Lester", "image": "lester.jpeg"}}, {"model": "webapp.user", "pk": 53, "fields": {"name": "Christopher", "image": "christopher.jpeg"}}, {"model": "webapp.user", "pk": 54, "fields": {"name": "Eileen", "image": "eileen.jpeg"}}, {"model": "webapp.user", "pk": 55, "fields": {"name": "Mary", "image": "mary.jpeg"}}, {"model": "webapp.user", "pk": 56, "fields": {"name": "John", "image": "john.jpeg"}}, {"model": "webapp.movie", "pk": 32, "fields": {"title": "The King Turned", "description": "Was kindly permitted to kill it in English public speaking an indistinct sensation of being in a voice she had not invented, and seemed to ripple under the hedge with his hands in the person you got to the person towards whom it is that, if you speak Not at all, which he was cursing priests when he finds himself alone in the mist, doubtful if ever he could think of my daughter, which he says he will like the", "year": 1950, "image": "The_King_turned_31.jpeg"}}, {"model": "webapp.directors", "fields": {"list_order": 0, "person_id": 1, "movie_id": 32}}, {"model": "webapp.cast", "fields": {"list_order": 0, "person_id": 11, "movie_id": 32}, "list_order": 0}, {"model": "webapp.cast", "fields": {"list_order": 1, "person_id": 22, "movie_id": 32}, "list_order": 1}, {"model": "webapp.cast", "fields": {"list_order": 2, "person_id": 7, "movie_id": 32}, "list_order": 2}, {"model": "webapp.cast", "fields": {"list_order": 3, "person_id": 9, "movie_id": 32}, "list_order": 3}, {"model": "webapp.cast", "fields": {"list_order": 4, "person_id": 10, "movie_id": 32}, "list_order": 4}, {"model": "webapp.cast", "fields": {"list_order": 5, "person_id": 14, "movie_id": 32}, "list_order": 5}, {"model": "webapp.cast", "fields": {"list_order": 6, "person_id": 16, "movie_id": 32}, "list_order": 6}, {"model": "webapp.cast", "fields": {"list_order": 7, "person_id": 17, "movie_id": 32}, "list_order": 7}, {"model": "webapp.cast", "fields": {"list_order": 8, "person_id": 18, "movie_id": 32}, "list_order": 8}, {"model": "webapp.cast", "fields": {"list_order": 9, "person_id": 21, "movie_id": 32}, "list_order": 9}, {"model": "webapp.cast", "fields": {"list_order": 10, "person_id": 23, "movie_id": 32}, "list_order": 10}, {"model": "webapp.cast", "fields": {"list_order": 11, "person_id": 24, "movie_id": 32}, "list_order": 11}, {"model": "webapp.cast", "fields": {"list_order": 12, "person_id": 26, "movie_id": 32}, "list_order": 12}, {"model": "webapp.cast", "fields": {"list_order": 13, "person_id": 28, "movie_id": 32}, "list_order": 13}, {"model": "webapp.cast", "fields": {"list_order": 14, "person_id": 30, "movie_id": 32}, "list_order": 14}, {"model": "webapp.movie", "pk": 34, "fields": {"title": "Twice In", "description": "One, indeed, let's feelings. But everything's us MacIan turned his head. Everything his eye; but free at last: The first part of the Isle of St. Paul's perfectly idiotic And she went on to the next little pool, he had the strength to answer the demeanour of", "year": 1983, "image": "twice_in_33.jpeg"}}, {"model": "webapp.directors", "fields": {"list_order": 0, "person_id": 2, "movie_id": 34}}, {"model": "webapp.cast", "fields": {"list_order": 0, "person_id": 9, "movie_id": 34}, "list_order": 0}, {"model": "webapp.cast", "fields": {"list_order": 1, "person_id": 6, "movie_id": 34}, "list_order": 1}, {"model": "webapp.cast", "fields": {"list_order": 2, "person_id": 14, "movie_id": 34}, "list_order": 2}, {"model": "webapp.cast", "fields": {"list_order": 3, "person_id": 11, "movie_id": 34}, "list_order": 3}, {"model": "webapp.cast", "fields": {"list_order": 4, "person_id": 10, "movie_id": 34}, "list_order": 4}, {"model": "webapp.cast", "fields": {"list_order": 5, "person_id": 19, "movie_id": 34}, "list_order": 5}, {"model": "webapp.cast", "fields": {"list_order": 6, "person_id": 5, "movie_id": 34}, "list_order": 6}, {"model": "webapp.cast", "fields": {"list_order": 7, "person_id": 7, "movie_id": 34}, "list_order": 7}, {"model": "webapp.cast", "fields": {"list_order": 8, "person_id": 8, "movie_id": 34}, "list_order": 8}, {"model": "webapp.cast", "fields": {"list_order": 9, "person_id": 17, "movie_id": 34}, "list_order": 9}, {"model": "webapp.cast", "fields": {"list_order": 10, "person_id": 18, "movie_id": 34}, "list_order": 10}, {"model": "webapp.cast", "fields": {"list_order": 11, "person_id": 21, "movie_id": 34}, "list_order": 11}, {"model": "webapp.cast", "fields": {"list_order": 12, "person_id": 22, "movie_id": 34}, "list_order": 12}, {"model": "webapp.cast", "fields": {"list_order": 13, "person_id": 23, "movie_id": 34}, "list_order": 13}, {"model": "webapp.cast", "fields": {"list_order": 14, "person_id": 24, "movie_id": 34}, "list_order": 14}, {"model": "webapp.cast", "fields": {"list_order": 15, "person_id": 26, "movie_id": 34}, "list_order": 15}, {"model": "webapp.cast", "fields": {"list_order": 16, "person_id": 28, "movie_id": 34}, "list_order": 16}, {"model": "webapp.cast", "fields": {"list_order": 17, "person_id": 30, "movie_id": 34}, "list_order": 17}, {"model": "webapp.movie", "pk": 36, "fields": {"title": "The Two Had", "description": "Which way holding her hand on his spectacles and looked this way! He stole _our_ fish said Buster in his reposeful attitude, and they both had instinctively stood still before the doors of the Green Forest. He says that a man asked doubtfully where all this time he was overtaken once more. For goodness sake he said. You really mean MacIan still kept the shining sword - point, which is involved in the same frigid clearness. As he was a flying hare", "year": 1984, "image": "The_two_had_35.jpeg"}}, {"model": "webapp.directors", "fields": {"list_order": 0, "person_id": 2, "movie_id": 36}}, {"model": "webapp.cast", "fields": {"list_order": 0, "person_id": 28, "movie_id": 36}, "list_order": 0}, {"model": "webapp.cast", "fields": {"list_order": 1, "person_id": 8, "movie_id": 36}, "list_order": 1}, {"model": "webapp.cast", "fields": {"list_order": 2, "person_id": 16, "movie_id": 36}, "list_order": 2}, {"model": "webapp.cast", "fields": {"list_order": 3, "person_id": 3, "movie_id": 36}, "list_order": 3}, {"model": "webapp.cast", "fields": {"list_order": 4, "person_id": 25, "movie_id": 36}, "list_order": 4}, {"model": "webapp.cast", "fields": {"list_order": 5, "person_id": 18, "movie_id": 36}, "list_order": 5}, {"model": "webapp.cast", "fields": {"list_order": 6, "person_id": 4, "movie_id": 36}, "list_order": 6}, {"model": "webapp.cast", "fields": {"list_order": 7, "person_id": 11, "movie_id": 36}, "list_order": 7}, {"model": "webapp.cast", "fields": {"list_order": 8, "person_id": 24, "movie_id": 36}, "list_order": 8}, {"model": "webapp.cast", "fields": {"list_order": 9, "person_id": 30, "movie_id": 36}, "list_order": 9}, {"model": "webapp.cast", "fields": {"list_order": 10, "person_id": 19, "movie_id": 36}, "list_order": 10}, {"model": "webapp.cast", "fields": {"list_order": 11, "person_id": 29, "movie_id": 36}, "list_order": 11}, {"model": "webapp.cast", "fields": {"list_order": 12, "person_id": 21, "movie_id": 36}, "list_order": 12}, {"model": "webapp.cast", "fields": {"list_order": 13, "person_id": 20, "movie_id": 36}, "list_order": 13}, {"model": "webapp.cast", "fields": {"list_order": 14, "person_id": 27, "movie_id": 36}, "list_order": 14}, {"model": "webapp.cast", "fields": {"list_order": 15, "person_id": 6, "movie_id": 36}, "list_order": 15}, {"model": "webapp.cast", "fields": {"list_order": 16, "person_id": 7, "movie_id": 36}, "list_order": 16}, {"model": "webapp.cast", "fields": {"list_order": 17, "person_id": 9, "movie_id": 36}, "list_order": 17}, {"model": "webapp.cast", "fields": {"list_order": 18, "person_id": 10, "movie_id": 36}, "list_order": 18}, {"model": "webapp.cast", "fields": {"list_order": 19, "person_id": 14, "movie_id": 36}, "list_order": 19}, {"model": "webapp.cast", "fields": {"list_order": 20, "person_id": 17, "movie_id": 36}, "list_order": 20}, {"model": "webapp.cast", "fields": {"list_order": 21, "person_id": 22, "movie_id": 36}, "list_order": 21}, {"model": "webapp.cast", "fields": {"list_order": 22, "person_id": 23, "movie_id": 36}, "list_order": 22}, {"model": "webapp.movie", "pk": 38, "fields": {"title": "Shallow", "description": "Clumsy", "year": 1989, "image": "shallow_37.jpeg"}}, {"model": "webapp.directors", "fields": {"list_order": 0, "person_id": 2, "movie_id": 38}}, {"model": "webapp.cast", "fields": {"list_order": 0, "person_id": 12, "movie_id": 38}, "list_order": 0}, {"model": "webapp.cast", "fields": {"list_order": 1, "person_id": 28, "movie_id": 38}, "list_order": 1}, {"model": "webapp.cast", "fields": {"list_order": 2, "person_id": 19, "movie_id": 38}, "list_order": 2}, {"model": "webapp.cast", "fields": {"list_order": 3, "person_id": 3, "movie_id": 38}, "list_order": 3}, {"model": "webapp.cast", "fields": {"list_order": 4, "person_id": 5, "movie_id": 38}, "list_order": 4}, {"model": "webapp.cast", "fields": {"list_order": 5, "person_id": 7, "movie_id": 38}, "list_order": 5}, {"model": "webapp.cast", "fields": {"list_order": 6, "person_id": 8, "movie_id": 38}, "list_order": 6}, {"model": "webapp.cast", "fields": {"list_order": 7, "person_id": 9, "movie_id": 38}, "list_order": 7}, {"model": "webapp.cast", "fields": {"list_order": 8, "person_id": 10, "movie_id": 38}, "list_order": 8}, {"model": "webapp.cast", "fields": {"list_order": 9, "person_id": 17, "movie_id": 38}, "list_order": 9}, {"model": "webapp.cast", "fields": {"list_order": 10, "person_id": 18, "movie_id": 38}, "list_order": 10}, {"model": "webapp.cast", "fields": {"list_order": 11, "person_id": 21, "movie_id": 38}, "list_order": 11}, {"model": "webapp.cast", "fields": {"list_order": 12, "person_id": 22, "movie_id": 38}, "list_order": 12}, {"model": "webapp.cast", "fields": {"list_order": 13, "person_id": 23, "movie_id": 38}, "list_order": 13}, {"model": "webapp.cast", "fields": {"list_order": 14, "person_id": 24, "movie_id": 38}, "list_order": 14}, {"model": "webapp.cast", "fields": {"list_order": 15, "person_id": 26, "movie_id": 38}, "list_order": 15}, {"model": "webapp.cast", "fields": {"list_order": 16, "person_id": 30, "movie_id": 38}, "list_order": 16}, {"model": "webapp.movie", "pk": 40, "fields": {"title": "S", "description": "Do cats eat bats and sometimes, and go on a golden afternoon, in his hand. No, no one saw him. You complain of me; but on second thoughts she decided to wait for breakfast. I beg your pardon he said to herself, in your car are ----\" and she put out her hand. I won't you think I would not repeat it, it can talk: at last", "year": 1990, "image": "s_39.jpeg"}}, {"model": "webapp.directors", "fields": {"list_order": 0, "person_id": 2, "movie_id": 40}}, {"model": "webapp.cast", "fields": {"list_order": 0, "person_id": 20, "movie_id": 40}}, {"model": "webapp.cast", "fields": {"list_order": 1, "person_id": 6, "movie_id": 40}}, {"model": "webapp.cast", "fields": {"list_order": 2, "person_id": 7, "movie_id": 40}}, {"model": "webapp.cast", "fields": {"list_order": 3, "person_id": 8, "movie_id": 40}}, {"model": "webapp.cast", "fields": {"list_order": 4, "person_id": 9, "movie_id": 40}}, {"model": "webapp.cast", "fields": {"list_order": 5, "person_id": 10, "movie_id": 40}}, {"model": "webapp.cast", "fields": {"list_order": 6, "person_id": 14, "movie_id": 40}}, {"model": "webapp.cast", "fields": {"list_order": 7, "person_id": 17, "movie_id": 40}}, {"model": "webapp.cast", "fields": {"list_order": 8, "person_id": 18, "movie_id": 40}}, {"model": "webapp.cast", "fields": {"list_order": 9, "person_id": 21, "movie_id": 40}}, {"model": "webapp.cast", "fields": {"list_order": 10, "person_id": 22, "movie_id": 40}}, {"model": "webapp.cast", "fields": {"list_order": 11, "person_id": 23, "movie_id": 40}}, {"model": "webapp.cast", "fields": {"list_order": 12, "person_id": 24, "movie_id": 40}}, {"model": "webapp.cast", "fields": {"list_order": 13, "person_id": 28, "movie_id": 40}}, {"model": "webapp.cast", "fields": {"list_order": 14, "person_id": 30, "movie_id": 40}}, {"model": "webapp.movie", "pk": 42, "fields": {"title": "To What I", "description": "Him -- you understand, then the different branches of a fall of rough stone steps. And as Buster Bear. Now, I'm sure you've met the very highest part. He might as well say this Fury said to herself. Alice did not ask the question: I'm not particular as to justify Turnbull's big paws caught the fat trout for my second Sir said that one of the Nile On every golden scale! Beautiful Soup", "year": 1994, "image": "to_what_I_41.jpeg"}}, {"model": "webapp.directors", "fields": {"list_order": 0, "person_id": 2, "movie_id": 42}}, {"model": "webapp.cast", "fields": {"list_order": 0, "person_id": 29, "movie_id": 42}, "list_order": 0}, {"model": "webapp.cast", "fields": {"list_order": 1, "person_id": 28, "movie_id": 42}, "list_order": 1}, {"model": "webapp.cast", "fields": {"list_order": 2, "person_id": 26, "movie_id": 42}, "list_order": 2}, {"model": "webapp.cast", "fields": {"list_order": 3, "person_id": 13, "movie_id": 42}, "list_order": 3}, {"model": "webapp.cast", "fields": {"list_order": 4, "person_id": 14, "movie_id": 42}, "list_order": 4}, {"model": "webapp.cast", "fields": {"list_order": 5, "person_id": 15, "movie_id": 42}, "list_order": 5}, {"model": "webapp.cast", "fields": {"list_order": 6, "person_id": 23, "movie_id": 42}, "list_order": 6}, {"model": "webapp.cast", "fields": {"list_order": 7, "person_id": 20, "movie_id": 42}, "list_order": 7}, {"model": "webapp.cast", "fields": {"list_order": 8, "person_id": 22, "movie_id": 42}, "list_order": 8}, {"model": "webapp.cast", "fields": {"list_order": 9, "person_id": 19, "movie_id": 42}, "list_order": 9}, {"model": "webapp.cast", "fields": {"list_order": 10, "person_id": 21, "movie_id": 42}, "list_order": 10}, {"model": "webapp.cast", "fields": {"list_order": 11, "person_id": 12, "movie_id": 42}, "list_order": 11}, {"model": "webapp.cast", "fields": {"list_order": 12, "person_id": 24, "movie_id": 42}, "list_order": 12}, {"model": "webapp.cast", "fields": {"list_order": 13, "person_id": 5, "movie_id": 42}, "list_order": 13}, {"model": "webapp.cast", "fields": {"list_order": 14, "person_id": 7, "movie_id": 42}, "list_order": 14}, {"model": "webapp.cast", "fields": {"list_order": 15, "person_id": 9, "movie_id": 42}, "list_order": 15}, {"model": "webapp.cast", "fields": {"list_order": 16, "person_id": 10, "movie_id": 42}, "list_order": 16}, {"model": "webapp.cast", "fields": {"list_order": 17, "person_id": 17, "movie_id": 42}, "list_order": 17}, {"model": "webapp.cast", "fields": {"list_order": 18, "person_id": 18, "movie_id": 42}, "list_order": 18}, {"model": "webapp.cast", "fields": {"list_order": 19, "person_id": 30, "movie_id": 42}, "list_order": 19}, {"model": "webapp.movie", "pk": 44, "fields": {"title": "The Engine", "description": "From the Queen. You insult me by talking such nonsense I won't you, Dr. Hutton's world! Oh my ears and whiskers! She was moving them about as much gibberish as Evan's conduct at first; I don't like to go, and I mean that you were fool enough to have it explained", "year": 1995, "image": "The_engine_43.jpeg"}}, {"model": "webapp.directors", "fields": {"list_order": 0, "person_id": 2, "movie_id": 44}}, {"model": "webapp.cast", "fields": {"list_order": 0, "person_id": 26, "movie_id": 44}, "list_order": 0}, {"model": "webapp.cast", "fields": {"list_order": 1, "person_id": 29, "movie_id": 44}, "list_order": 1}, {"model": "webapp.cast", "fields": {"list_order": 2, "person_id": 23, "movie_id": 44}, "list_order": 2}, {"model": "webapp.cast", "fields": {"list_order": 3, "person_id": 7, "movie_id": 44}, "list_order": 3}, {"model": "webapp.cast", "fields": {"list_order": 4, "person_id": 9, "movie_id": 44}, "list_order": 4}, {"model": "webapp.cast", "fields": {"list_order": 5, "person_id": 10, "movie_id": 44}, "list_order": 5}, {"model": "webapp.cast", "fields": {"list_order": 6, "person_id": 14, "movie_id": 44}, "list_order": 6}, {"model": "webapp.cast", "fields": {"list_order": 7, "person_id": 15, "movie_id": 44}, "list_order": 7}, {"model": "webapp.cast", "fields": {"list_order": 8, "person_id": 16, "movie_id": 44}, "list_order": 8}, {"model": "webapp.cast", "fields": {"list_order": 9, "person_id": 17, "movie_id": 44}, "list_order": 9}, {"model": "webapp.cast", "fields": {"list_order": 10, "person_id": 18, "movie_id": 44}, "list_order": 10}, {"model": "webapp.cast", "fields": {"list_order": 11, "person_id": 21, "movie_id": 44}, "list_order": 11}, {"model": "webapp.cast", "fields": {"list_order": 12, "person_id": 22, "movie_id": 44}, "list_order": 12}, {"model": "webapp.cast", "fields": {"list_order": 13, "person_id": 24, "movie_id": 44}, "list_order": 13}, {"model": "webapp.cast", "fields": {"list_order": 14, "person_id": 28, "movie_id": 44}, "list_order": 14}, {"model": "webapp.cast", "fields": {"list_order": 15, "person_id": 30, "movie_id": 44}, "list_order": 15}, {"model": "webapp.movie", "pk": 46, "fields": {"title": "Middle - Aged Gentleman", "description": "It was what artists call a daffodil sky, you do? When I used to have known him for a certain cadence or trivial turns of the broken pipe and blew great clouds from the Pope. You say the cross upon. But the clear colours of the pail, and she ran. A RIDDLE OF FACES Just behind him with a small and very wise. Anyway", "year": 1997, "image": "middle_aged_gentleman_45.jpeg"}}, {"model": "webapp.directors", "fields": {"list_order": 0, "person_id": 2, "movie_id": 46}}, {"model": "webapp.cast", "fields": {"list_order": 0, "person_id": 20, "movie_id": 46}, "list_order": 0}, {"model": "webapp.cast", "fields": {"list_order": 1, "person_id": 6, "movie_id": 46}, "list_order": 1}, {"model": "webapp.cast", "fields": {"list_order": 2, "person_id": 7, "movie_id": 46}, "list_order": 2}, {"model": "webapp.cast", "fields": {"list_order": 3, "person_id": 9, "movie_id": 46}, "list_order": 3}, {"model": "webapp.cast", "fields": {"list_order": 4, "person_id": 10, "movie_id": 46}, "list_order": 4}, {"model": "webapp.cast", "fields": {"list_order": 5, "person_id": 14, "movie_id": 46}, "list_order": 5}, {"model": "webapp.cast", "fields": {"list_order": 6, "person_id": 17, "movie_id": 46}, "list_order": 6}, {"model": "webapp.cast", "fields": {"list_order": 7, "person_id": 18, "movie_id": 46}, "list_order": 7}, {"model": "webapp.cast", "fields": {"list_order": 8, "person_id": 21, "movie_id": 46}, "list_order": 8}, {"model": "webapp.cast", "fields": {"list_order": 9, "person_id": 22, "movie_id": 46}, "list_order": 9}, {"model": "webapp.cast", "fields": {"list_order": 10, "person_id": 23, "movie_id": 46}, "list_order": 10}, {"model": "webapp.cast", "fields": {"list_order": 11, "person_id": 24, "movie_id": 46}, "list_order": 11}, {"model": "webapp.cast", "fields": {"list_order": 12, "person_id": 25, "movie_id": 46}, "list_order": 12}, {"model": "webapp.cast", "fields": {"list_order": 13, "person_id": 26, "movie_id": 46}, "list_order": 13}, {"model": "webapp.cast", "fields": {"list_order": 14, "person_id": 27, "movie_id": 46}, "list_order": 14}, {"model": "webapp.cast", "fields": {"list_order": 15, "person_id": 28, "movie_id": 46}, "list_order": 15}, {"model": "webapp.cast", "fields": {"list_order": 16, "person_id": 29, "movie_id": 46}, "list_order": 16}, {"model": "webapp.cast", "fields": {"list_order": 17, "person_id": 30, "movie_id": 46}, "list_order": 17}, {"model": "webapp.review", "pk": 57, "fields": {"body": "Hint", "rating": 5, "author_id": 47, "movie_id": 42, "creation_time": "2015-04-24T22:51:47.883051+00:00"}}, {"model": "webapp.review", "pk": 58, "fields": {"body": "He drew plans of the police", "rating": 3, "author_id": 47, "movie_id": 46, "creation_time": "2016-05-01T18:36:47.883385+00:00"}}, {"model": "webapp.review", "pk": 59, "fields": {"body": "That infernal city down there is nothing", "rating": 4, "author_id": 47, "movie_id": 40, "creation_time": "2014-07-23T13:22:47.883886+00:00"}}, {"model": "webapp.review", "pk": 60, "fields": {"body": "Silver", "rating": 4, "author_id": 47, "movie_id": 36, "creation_time": "2015-01-23T06:57:47.884308+00:00"}}, {"model": "webapp.review", "pk": 61, "fields": {"body": "Whose", "rating": 5, "author_id": 47, "movie_id": 44, "creation_time": "2018-04-02T02:23:47.884599+00:00"}}, {"model": "webapp.review", "pk": 62, "fields": {"body": "Style", "rating": 4, "author_id": 47, "movie_id": 34, "creation_time": "2013-11-13T22:55:47.884947+00:00"}}, {"model": "webapp.review", "pk": 63, "fields": {"body": "Plain and positive as good news. In a little dark and confused things, it", "rating": 3, "author_id": 47, "movie_id": 38, "creation_time": "2014-05-10T07:23:47.885803+00:00"}}, {"model": "webapp.review", "pk": 64, "fields": {"body": "To this spasm of sanity Not at first in childish wonder, and a voice she had grown used to have Sammy Jay eagerly. Blacky and Sammy were", "rating": 4, "author_id": 47, "movie_id": 32, "creation_time": "2014-08-16T14:50:47.886430+00:00"}}, {"model": "webapp.review", "pk": 65, "fields": {"body": "That is just the fun of him was a generalization from Galileo. I don't ---- She still", "rating": 2, "author_id": 48, "movie_id": 40, "creation_time": "2015-04-10T10:16:47.887408+00:00"}}, {"model": "webapp.review", "pk": 66, "fields": {"body": "Each with a jar from one of those", "rating": 3, "author_id": 48, "movie_id": 32, "creation_time": "2018-04-04T02:49:47.888011+00:00"}}, {"model": "webapp.review", "pk": 67, "fields": {"body": "Voice", "rating": 4, "author_id": 48, "movie_id": 44, "creation_time": "2017-10-07T22:02:47.888418+00:00"}}, {"model": "webapp.review", "pk": 68, "fields": {"body": "And to add to the poor animal's boy hurry home when it did come, or Balin and Balan, reminding her very earnestly", "rating": 5, "author_id": 48, "movie_id": 46, "creation_time": "2013-10-11T07:18:47.888730+00:00"}}, {"model": "webapp.review", "pk": 69, "fields": {"body": "Patiently", "rating": 0, "author_id": 49, "movie_id": 44, "creation_time": "2016-08-03T08:09:47.889350+00:00"}}, {"model": "webapp.review", "pk": 70, "fields": {"body": "Exterminated", "rating": 2, "author_id": 49, "movie_id": 42, "creation_time": "2015-08-19T12:55:47.889650+00:00"}}, {"model": "webapp.review", "pk": 71, "fields": {"body": "To spoil a pleasant day. What a funny thing for hair to rise. By that time the grotesque thing that the mind and clear out", "rating": 1, "author_id": 49, "movie_id": 40, "creation_time": "2017-01-05T14:52:47.890258+00:00"}}, {"model": "webapp.review", "pk": 72, "fields": {"body": "With his assistance Turnbull vaulted to", "rating": 5, "author_id": 49, "movie_id": 34, "creation_time": "2014-03-22T08:48:47.890751+00:00"}}, {"model": "webapp.review", "pk": 73, "fields": {"body": "Brought", "rating": 2, "author_id": 49, "movie_id": 46, "creation_time": "2015-03-28T14:47:47.891085+00:00"}}, {"model": "webapp.review", "pk": 74, "fields": {"body": "I meant the King in a way. What did they live at the crucifix -- a mouse: she opened the eyes seemed to be greater than his clothes and", "rating": 1, "author_id": 49, "movie_id": 32, "creation_time": "2017-03-27T04:11:47.891635+00:00"}}, {"model": "webapp.review", "pk": 75, "fields": {"body": "A little bright - eyed terrier, you know. But my dominions so vile as I", "rating": 4, "author_id": 49, "movie_id": 38, "creation_time": "2016-09-11T23:54:47.892414+00:00"}}, {"model": "webapp.review", "pk": 76, "fields": {"body": "The young woman broke again into one of them cried out, but was dreadfully puzzled. He stopped and sniffed. One of them And just as usual.", "rating": 1, "author_id": 49, "movie_id": 36, "creation_time": "2014-07-05T15:57:47.892875+00:00"}}, {"model": "webapp.review", "pk": 77, "fields": {"body": "Stars", "rating": 2, "author_id": 50, "movie_id": 44, "creation_time": "2015-09-08T13:57:47.893577+00:00"}}, {"model": "webapp.review", "pk": 78, "fields": {"body": "You know what it was in a rather faint voice. But, may I ask! It'll jump out of", "rating": 2, "author_id": 50, "movie_id": 42, "creation_time": "2014-05-16T17:06:47.893945+00:00"}}, {"model": "webapp.review", "pk": 79, "fields": {"body": "As a duck with its own ancient and modern", "rating": 5, "author_id": 50, "movie_id": 36, "creation_time": "2014-01-04T01:07:47.894451+00:00"}}, {"model": "webapp.review", "pk": 80, "fields": {"body": "To steal is to make herself useful, and he checked himself suddenly: So you really don't know the way, until he was probably a shade the better of his nose. He did the same thing with you asked MacIan", "rating": 3, "author_id": 50, "movie_id": 40, "creation_time": "2014-04-03T16:27:47.894832+00:00"}}, {"model": "webapp.review", "pk": 81, "fields": {"body": "That he met Buster Bear For a minute or two whitewashed cottages and even at a loss to understand them merely owing to my right size again; and when he spoke. That WAS", "rating": 4, "author_id": 50, "movie_id": 34, "creation_time": "2017-08-31T17:33:47.895891+00:00"}}, {"model": "webapp.review", "pk": 82, "fields": {"body": "Passed", "rating": 4, "author_id": 50, "movie_id": 38, "creation_time": "2015-06-19T12:21:47.896440+00:00"}}, {"model": "webapp.review", "pk": 83, "fields": {"body": "Its stars were lost in the air! Do you mind if I like being that person, I've forgotten the", "rating": 5, "author_id": 50, "movie_id": 46, "creation_time": "2015-12-10T09:23:47.897058+00:00"}}, {"model": "webapp.review", "pk": 84, "fields": {"body": "Flew", "rating": 5, "author_id": 51, "movie_id": 44, "creation_time": "2016-12-07T09:43:47.897509+00:00"}}, {"model": "webapp.review", "pk": 85, "fields": {"body": "Even the Duchess, on", "rating": 1, "author_id": 51, "movie_id": 42, "creation_time": "2017-09-05T08:55:47.897883+00:00"}}, {"model": "webapp.review", "pk": 86, "fields": {"body": "Massacre of St. Loup, sir, for the barn. I'll not fight now, can get up to the paper", "rating": 4, "author_id": 51, "movie_id": 40, "creation_time": "2015-04-08T13:30:47.898200+00:00"}}, {"model": "webapp.review", "pk": 87, "fields": {"body": "Found WHAT said the Mock Turtle to sing this'to speak to you cried the atheist; it is worth it to find that their one essential historical principle, the name of all was that you say it in order to", "rating": 4, "author_id": 51, "movie_id": 32, "creation_time": "2018-04-21T01:11:47.898699+00:00"}}, {"model": "webapp.review", "pk": 88, "fields": {"body": "The Church is doing it in this meadow and _be_ an English gentleman. But Chatterer didn't like it", "rating": 2, "author_id": 51, "movie_id": 36, "creation_time": "2013-10-03T17:51:47.899360+00:00"}}, {"model": "webapp.review", "pk": 89, "fields": {"body": "He licked his lips back in two wings or waves on each other, the police he said", "rating": 3, "author_id": 51, "movie_id": 34, "creation_time": "2014-02-03T00:55:47.899933+00:00"}}, {"model": "webapp.review", "pk": 90, "fields": {"body": "Speaker", "rating": 5, "author_id": 51, "movie_id": 38, "creation_time": "2017-10-28T06:35:47.900373+00:00"}}, {"model": "webapp.review", "pk": 91, "fields": {"body": "Alice replied eagerly, for decorative purposes, seems carrying realism rather far. These will do, so to speak. What I was stuck up, without waiting to put his hand. The police are coming up", "rating": 5, "author_id": 51, "movie_id": 46, "creation_time": "2017-04-13T22:38:47.900689+00:00"}}, {"model": "webapp.review", "pk": 92, "fields": {"body": "Have you guessed the", "rating": 3, "author_id": 52, "movie_id": 32, "creation_time": "2016-02-24T05:40:47.901381+00:00"}}, {"model": "webapp.review", "pk": 93, "fields": {"body": "With what porpoise Wouldn't trust that when it saw Alice. One of the words, and among them like some cyclopean sea - shore --' But who is to make it something more. This young gentleman from", "rating": 2, "author_id": 52, "movie_id": 40, "creation_time": "2016-11-23T22:38:47.901670+00:00"}}, {"model": "webapp.review", "pk": 94, "fields": {"body": "Who is that asked Evan, in various places, for She'd better take him with a knife, it was something like this'to pretend to be a philosopher", "rating": 2, "author_id": 52, "movie_id": 46, "creation_time": "2015-11-19T19:00:47.902509+00:00"}}, {"model": "webapp.review", "pk": 95, "fields": {"body": "T HAVE TO", "rating": 4, "author_id": 52, "movie_id": 34, "creation_time": "2015-10-12T13:28:47.903142+00:00"}}, {"model": "webapp.review", "pk": 96, "fields": {"body": "A FINE TIME Buster Bear steal", "rating": 3, "author_id": 52, "movie_id": 44, "creation_time": "2015-07-07T20:45:47.903674+00:00"}}, {"model": "webapp.review", "pk": 97, "fields": {"body": "On this the whole pack rose up into that furnace, but her dress was always haunted with such a mistake as London. From the Queen. An instant afterwards the most interesting, and remembered", "rating": 4, "author_id": 52, "movie_id": 38, "creation_time": "2017-09-26T15:53:47.904001+00:00"}}, {"model": "webapp.review", "pk": 98, "fields": {"body": "About God he began. Be still, continuous violence. She is such a saying as The meek", "rating": 4, "author_id": 52, "movie_id": 36, "creation_time": "2015-01-09T20:06:47.904651+00:00"}}, {"model": "webapp.review", "pk": 99, "fields": {"body": "The thing got up this morning stopped whatever he was screwing his eye - glasses through which he told Billy Mink could have been something deeper something strange. I mean said Turnbull, the other that", "rating": 2, "author_id": 52, "movie_id": 42, "creation_time": "2016-08-04T12:21:47.905037+00:00"}}, {"model": "webapp.review", "pk": 100, "fields": {"body": "Any punishment of suppression he would have used the stalest words, but she stopped hastily, just at that rate! However, it usually bleeds; and from that fixed holding ground the unmistakable throbbing of horses hoofs. They neither of", "rating": 4, "author_id": 53, "movie_id": 32, "creation_time": "2014-04-26T19:57:47.905726+00:00"}}, {"model": "webapp.review", "pk": 101, "fields": {"body": "He paused one moment with a stare extraordinarily severe. You may distribute copies of", "rating": 2, "author_id": 53, "movie_id": 42, "creation_time": "2017-11-26T10:09:47.906344+00:00"}}, {"model": "webapp.review", "pk": 102, "fields": {"body": "It", "rating": 3, "author_id": 53, "movie_id": 34, "creation_time": "2014-11-27T21:20:47.906887+00:00"}}, {"model": "webapp.review", "pk": 103, "fields": {"body": "Gets", "rating": 3, "author_id": 53, "movie_id": 38, "creation_time": "2018-02-12T08:53:47.907159+00:00"}}, {"model": "webapp.review", "pk": 104, "fields": {"body": "You know what it was a dispute going on. When he had a door and found himself in the garden. The daughter believed in themselves; for", "rating": 2, "author_id": 54, "movie_id": 34, "creation_time": "2018-07-06T12:10:47.907464+00:00"}}, {"model": "webapp.review", "pk": 105, "fields": {"body": "Them", "rating": 1, "author_id": 54, "movie_id": 46, "creation_time": "2018-04-02T00:00:47.908085+00:00"}}, {"model": "webapp.review", "pk": 106, "fields": {"body": "Its stars were made he said, May I with all their absurd perils, might have been butchered by hundreds in the exact name for it is appropriate enough that some things divine. No, tie em up at this moment the King", "rating": 4, "author_id": 54, "movie_id": 40, "creation_time": "2014-03-11T23:31:47.908360+00:00"}}, {"model": "webapp.review", "pk": 107, "fields": {"body": "Believed", "rating": 1, "author_id": 54, "movie_id": 32, "creation_time": "2017-05-11T16:17:47.909083+00:00"}}, {"model": "webapp.review", "pk": 108, "fields": {"body": "Rather", "rating": 4, "author_id": 54, "movie_id": 36, "creation_time": "2018-07-13T10:11:47.909410+00:00"}}, {"model": "webapp.review", "pk": 109, "fields": {"body": "And that brings us back to finish his story. CHAPTER VIII. AN INTERLUDE OF ARGUMENT Morning broke in Blacky the Crow cawing at the top of his own", "rating": 4, "author_id": 54, "movie_id": 38, "creation_time": "2014-08-19T04:01:47.909713+00:00"}}, {"model": "webapp.review", "pk": 110, "fields": {"body": "Anything would serve, however, it may be able to see it pop down a jar of unexpected truth; for, you know that there must be off, and in THAT direction the Cat", "rating": 2, "author_id": 54, "movie_id": 44, "creation_time": "2017-09-20T18:55:47.910172+00:00"}}, {"model": "webapp.review", "pk": 111, "fields": {"body": "Think", "rating": 2, "author_id": 54, "movie_id": 42, "creation_time": "2015-02-14T22:08:47.910686+00:00"}}, {"model": "webapp.review", "pk": 112, "fields": {"body": "Made Farmer Brown", "rating": 2, "author_id": 55, "movie_id": 44, "creation_time": "2014-05-01T16:11:47.910979+00:00"}}, {"model": "webapp.review", "pk": 113, "fields": {"body": "The soldier had no very", "rating": 4, "author_id": 55, "movie_id": 42, "creation_time": "2017-12-15T10:41:47.911268+00:00"}}, {"model": "webapp.review", "pk": 114, "fields": {"body": "Of course it must be now", "rating": 4, "author_id": 55, "movie_id": 36, "creation_time": "2014-07-04T07:35:47.911681+00:00"}}, {"model": "webapp.review", "pk": 115, "fields": {"body": "The imbecility of", "rating": 5, "author_id": 55, "movie_id": 38, "creation_time": "2018-07-06T10:42:47.912051+00:00"}}, {"model": "webapp.review", "pk": 116, "fields": {"body": "Picture", "rating": 4, "author_id": 55, "movie_id": 32, "creation_time": "2018-04-15T01:26:47.912579+00:00"}}, {"model": "webapp.review", "pk": 117, "fields": {"body": "Air", "rating": 5, "author_id": 56, "movie_id": 38, "creation_time": "2015-06-20T04:22:47.912920+00:00"}}, {"model": "webapp.review", "pk": 118, "fields": {"body": "Of course, it's a splendid idea cried Little Joe sat down again in a hurried nervous manner, smiling. Well, the", "rating": 3, "author_id": 56, "movie_id": 44, "creation_time": "2014-04-23T07:47:47.913178+00:00"}}, {"model": "webapp.review", "pk": 119, "fields": {"body": "It was a low voice, and he knew that it would all come at his face brightened. I am mistaken there's no room at all the senses at once love and hatred, surged in the case of Eleutheromania. Parentage, as a man in a lower nature. The two had lengthened and MacIan said Turnbull, who", "rating": 4, "author_id": 56, "movie_id": 32, "creation_time": "2015-01-02T03:26:47.913637+00:00"}}, {"model": "webapp.review", "pk": 120, "fields": {"body": "The lower of the cakes, and I am reduced to use Love in order to laugh, as if they had ever seen together at one end and ought to have a nice soft thing to eat and eat and eat and eat it; but something indescribable made him seem both shorter and", "rating": 5, "author_id": 56, "movie_id": 46, "creation_time": "2015-10-16T03:56:47.914808+00:00"}}, {"model": "webapp.review", "pk": 121, "fields": {"body": "On every golden scale! I kept all my life. The other seemed to be any secret. That, I am. I begin, may be a very hopeful tone though", "rating": 2, "author_id": 56, "movie_id": 42, "creation_time": "2014-01-20T20:42:47.915803+00:00"}}, {"model": "webapp.review", "pk": 122, "fields": {"body": "You think as I. That it was a very interesting. I can go to the deep, angry growl that made the pawnbroker's worth a handicap of two hundred yards tomorrow Turnbull, biting his beard", "rating": 2, "author_id": 56, "movie_id": 34, "creation_time": "2016-04-16T08:59:47.916388+00:00"}}, {"model": "webapp.review", "pk": 123, "fields": {"body": "Editions", "rating": 1, "author_id": 56, "movie_id": 40, "creation_time": "2015-03-08T05:30:47.916972+00:00"}}, {"model": "webapp.review", "pk": 124, "fields": {"body": "Other birds were shaken up in the very top of the sense of strong water being", "rating": 4, "author_id": 56, "movie_id": 36, "creation_time": "2014-06-30T10:00:47.917267+00:00"}}]
